cluster_id,n_children,stunting_rate,severe_rate,mean_haz,region,urban_rural,mean_wealth_q,mean_maternal_edu
1,6.0,33.333333333333336,0.0,-1.4316666666666669,1.0,2.0,4.666666666666667,9.833333333333334
2,5.0,20.0,0.0,-0.91,2.0,2.0,1.6,4.2
3,5.0,40.0,20.0,-1.8059999999999998,4.0,2.0,2.6,4.4
4,7.0,57.14285714285714,14.285714285714285,-2.2842857142857147,4.0,2.0,2.285714285714286,3.428571428571429
5,10.0,0.0,0.0,-0.3950000000000001,5.0,2.0,4.300000000000001,7.1
6,10.0,20.0,0.0,-1.0210000000000001,5.0,2.0,2.8,5.7
7,10.0,40.0,30.000000000000004,-1.856,3.0,2.0,2.6000000000000005,5.4
8,7.0,14.285714285714283,0.0,-1.4471428571428566,3.0,2.0,1.7142857142857142,2.9999999999999996
9,10.0,40.0,10.0,-1.7810000000000001,2.0,2.0,2.4,4.8
10,9.0,44.44444444444444,11.11111111111111,-1.7577777777777774,4.0,2.0,1.6666666666666665,3.8888888888888893
11,10.0,20.0,0.0,-1.0170000000000001,4.0,1.0,3.8000000000000003,7.7
12,11.0,36.36363636363637,0.0,-1.2381818181818185,5.0,2.0,3.0000000000000004,5.818181818181818
13,14.0,64.28571428571426,14.285714285714283,-2.138571428571428,4.0,2.0,1.7142857142857142,3.571428571428571
14,4.0,0.0,0.0,-0.7424999999999999,1.0,1.0,4.75,11.25
15,6.0,16.666666666666664,0.0,-0.39166666666666666,1.0,1.0,4.666666666666667,10.499999999999998
16,5.0,20.0,0.0,-1.3739999999999999,2.0,2.0,1.4000000000000001,4.0
17,5.0,59.999999999999986,0.0,-2.168,5.0,2.0,2.3999999999999995,2.5999999999999996
18,16.0,43.75000000000001,12.5,-1.7093749999999996,3.0,2.0,2.0625000000000004,0.5
19,8.0,37.5,12.5,-1.9049999999999998,5.0,2.0,2.5,6.625
20,6.0,33.33333333333333,0.0,-1.055,3.0,2.0,2.5,6.333333333333333
21,10.0,60.0,10.0,-1.299,2.0,2.0,1.4999999999999998,4.0
22,6.0,50.0,33.33333333333333,-1.93,2.0,2.0,1.5,4.666666666666667
23,9.0,33.33333333333333,22.22222222222222,-1.7577777777777779,2.0,2.0,2.333333333333333,3.7777777777777777
24,4.0,25.0,25.0,-1.7875,4.0,2.0,1.75,5.5
25,6.0,33.333333333333336,16.666666666666668,-1.6083333333333336,3.0,2.0,2.833333333333334,5.333333333333334
26,5.0,20.0,0.0,-1.222,4.0,2.0,3.2,7.6000000000000005
27,7.0,71.42857142857144,42.85714285714287,-2.501428571428572,3.0,2.0,2.7142857142857144,6.285714285714287
28,12.0,33.333333333333336,8.333333333333334,-1.525,2.0,2.0,1.1666666666666665,3.916666666666667
29,5.0,40.0,20.0,-1.8960000000000001,4.0,1.0,2.8,4.2
30,9.0,22.22222222222222,0.0,-1.501111111111111,2.0,2.0,2.3333333333333335,3.7777777777777777
31,8.0,37.5,12.5,-1.48625,1.0,1.0,4.75,6.25
32,4.0,0.0,0.0,-0.49999999999999994,1.0,1.0,5.0,14.0
33,6.0,50.0,0.0,-1.6116666666666666,5.0,2.0,2.333333333333333,2.1666666666666665
34,10.0,40.0,0.0,-1.595,3.0,2.0,3.3,4.8
35,12.0,8.333333333333332,8.333333333333332,-1.0591666666666668,1.0,1.0,4.333333333333333,8.583333333333334
36,6.0,50.0,33.33333333333333,-2.291666666666667,4.0,2.0,2.0,4.666666666666667
37,7.0,57.14285714285714,28.57142857142857,-2.197142857142857,4.0,2.0,2.4285714285714284,4.857142857142856
38,3.0,33.333333333333336,33.333333333333336,-2.4533333333333336,2.0,2.0,2.0,5.333333333333333
39,7.0,0.0,0.0,-0.432857142857143,3.0,2.0,4.857142857142858,9.285714285714288
40,4.0,0.0,0.0,-0.4425,1.0,1.0,5.0,12.75
41,5.0,0.0,0.0,-0.654,2.0,2.0,4.4,6.3999999999999995
42,9.0,22.22222222222222,11.11111111111111,-1.7277777777777776,2.0,2.0,3.7777777777777777,6.777777777777778
43,6.0,49.99999999999999,0.0,-1.5033333333333332,5.0,2.0,2.1666666666666665,4.999999999999999
44,3.0,66.66666666666666,66.66666666666666,-2.6333333333333333,3.0,2.0,1.9999999999999996,2.6666666666666665
45,8.0,12.5,0.0,-1.3487500000000001,3.0,2.0,3.7500000000000004,3.6250000000000004
46,6.0,16.666666666666668,0.0,-1.365,3.0,2.0,2.0,4.333333333333335
47,12.0,41.66666666666667,8.333333333333334,-1.7308333333333337,4.0,2.0,3.0000000000000004,5.583333333333335
48,15.0,66.66666666666669,6.666666666666668,-1.8606666666666671,1.0,2.0,3.6666666666666674,3.4666666666666672
49,9.0,11.111111111111112,0.0,-0.6977777777777779,4.0,1.0,4.888888888888889,12.555555555555557
50,7.0,14.285714285714285,0.0,-1.0471428571428572,5.0,1.0,3.4285714285714284,4.857142857142858
51,7.0,71.42857142857142,14.285714285714285,-2.2328571428571427,4.0,1.0,2.2857142857142856,4.428571428571429
52,7.0,28.571428571428577,14.285714285714288,-1.6114285714285719,5.0,2.0,2.285714285714286,3.1428571428571437
53,13.0,23.07692307692308,7.692307692307694,-1.1153846153846159,5.0,2.0,2.6923076923076925,5.076923076923078
54,7.0,57.14285714285715,0.0,-1.4928571428571433,2.0,2.0,2.428571428571429,5.8571428571428585
55,13.0,15.384615384615389,7.692307692307694,-1.4176923076923083,3.0,1.0,3.923076923076923,5.076923076923077
56,8.0,75.0,12.5,-2.4450000000000003,4.0,2.0,2.0,2.7500000000000004
57,11.0,36.36363636363635,9.090909090909088,-1.8718181818181816,5.0,2.0,2.0909090909090904,3.2727272727272725
58,6.0,33.33333333333333,0.0,-1.9666666666666663,4.0,2.0,2.0,6.166666666666667
59,7.0,71.42857142857143,42.857142857142854,-2.257142857142857,4.0,2.0,2.5714285714285716,3.4285714285714284
60,7.0,28.571428571428577,0.0,-1.7714285714285714,4.0,1.0,4.2857142857142865,7.42857142857143
61,7.0,0.0,0.0,-0.2642857142857143,2.0,1.0,4.571428571428571,10.857142857142856
62,7.0,14.285714285714288,0.0,-0.9214285714285715,1.0,1.0,4.857142857142858,7.714285714285714
63,5.0,20.0,0.0,-1.564,3.0,2.0,2.6,1.6
64,8.0,50.0,25.0,-2.4050000000000002,3.0,2.0,2.25,2.7500000000000004
65,11.0,0.0,0.0,-0.32363636363636367,2.0,1.0,4.454545454545455,10.818181818181818
66,7.0,57.14285714285713,0.0,-1.8342857142857139,2.0,2.0,2.142857142857143,4.999999999999998
67,7.0,28.571428571428577,0.0,-1.3399999999999999,2.0,1.0,3.8571428571428568,5.000000000000001
68,8.0,50.0,12.5,-1.9537500000000003,3.0,2.0,3.0,4.875
69,5.0,20.0,0.0,-1.4160000000000001,3.0,2.0,4.0,5.2
70,5.0,40.0,0.0,-1.426,2.0,2.0,2.4,4.6000000000000005
71,8.0,12.5,12.5,-1.43875,2.0,2.0,2.125,5.0
72,9.0,44.44444444444444,11.11111111111111,-1.8933333333333333,2.0,2.0,1.6666666666666667,1.222222222222222
73,11.0,63.63636363636365,45.45454545454547,-2.542727272727274,3.0,2.0,2.1818181818181817,2.363636363636364
74,10.0,70.0,0.0,-1.779,2.0,2.0,2.3000000000000003,4.1000000000000005
75,2.0,0.0,0.0,-0.22,4.0,1.0,5.0,12.0
76,5.0,0.0,0.0,-0.5780000000000001,5.0,2.0,2.4000000000000004,3.6
77,8.0,25.0,12.5,-1.4825000000000002,3.0,2.0,3.125,6.0
78,9.0,22.22222222222222,0.0,-0.7277777777777776,2.0,2.0,3.0,6.5555555555555545
79,8.0,37.5,12.5,-1.7175,5.0,2.0,1.375,2.2499999999999996
80,8.0,50.0,25.0,-2.2275,4.0,1.0,3.0,5.375
81,4.0,25.0,0.0,-1.3025,2.0,1.0,5.0,11.749999999999998
82,10.0,20.0,10.0,-1.454,4.0,1.0,2.6,4.1000000000000005
83,4.0,25.0,25.0,-1.595,2.0,2.0,2.0,4.75
84,4.0,25.0,0.0,-1.8250000000000002,3.0,2.0,2.75,5.250000000000001
85,8.0,37.5,0.0,-1.3887500000000002,3.0,2.0,1.625,4.375
86,10.0,30.0,10.0,-1.7039999999999997,5.0,2.0,2.5,4.000000000000001
87,8.0,25.0,0.0,-1.17375,5.0,2.0,2.875,3.875
88,8.0,0.0,0.0,-1.0824999999999998,4.0,1.0,5.0,12.5
89,6.0,33.33333333333333,0.0,-1.623333333333333,5.0,2.0,2.6666666666666665,4.499999999999999
90,7.0,14.285714285714288,0.0,-1.5100000000000002,3.0,2.0,2.428571428571429,6.2857142857142865
91,6.0,16.666666666666668,0.0,-0.8899999999999999,2.0,2.0,3.1666666666666665,4.666666666666667
92,6.0,16.666666666666668,16.666666666666668,-1.3083333333333333,2.0,2.0,1.8333333333333335,3.0
93,16.0,50.0,12.5,-1.98125,3.0,2.0,3.3749999999999996,6.499999999999999
94,7.0,42.85714285714285,0.0,-1.957142857142857,2.0,2.0,2.142857142857143,4.571428571428571
95,5.0,0.0,0.0,-0.564,2.0,2.0,2.5999999999999996,5.599999999999999
96,3.0,33.33333333333333,0.0,-1.7666666666666666,5.0,2.0,1.6666666666666665,4.333333333333333
97,9.0,66.66666666666666,22.22222222222222,-2.525555555555555,2.0,2.0,1.333333333333333,3.777777777777777
98,9.0,44.44444444444444,11.11111111111111,-1.5811111111111111,2.0,2.0,1.777777777777778,4.777777777777779
99,5.0,20.0,0.0,-1.3379999999999999,4.0,2.0,2.6,3.6
100,6.0,33.33333333333333,0.0,-1.3749999999999998,2.0,2.0,2.8333333333333335,8.166666666666666
101,5.0,20.0,0.0,-1.514,2.0,2.0,3.1999999999999997,4.2
102,6.0,33.33333333333333,0.0,-1.4266666666666667,5.0,2.0,2.0,5.833333333333334
103,8.0,37.50000000000001,0.0,-1.385,5.0,2.0,3.125,6.375000000000001
104,8.0,0.0,0.0,-0.32749999999999996,4.0,2.0,5.0,12.0
105,7.0,57.14285714285714,14.285714285714285,-1.9514285714285715,5.0,2.0,1.5714285714285712,2.857142857142857
106,5.0,40.0,0.0,-1.5459999999999998,2.0,2.0,3.0,4.4
107,7.0,71.42857142857143,14.285714285714285,-2.3642857142857148,3.0,2.0,2.142857142857143,3.4285714285714293
108,11.0,0.0,0.0,-1.0063636363636363,3.0,1.0,4.727272727272728,6.909090909090909
109,13.0,30.769230769230777,7.692307692307694,-1.392307692307693,5.0,2.0,2.615384615384616,3.230769230769231
110,5.0,60.0,0.0,-1.968,5.0,2.0,1.5999999999999999,3.1999999999999997
111,9.0,33.33333333333333,22.22222222222222,-1.1833333333333333,3.0,2.0,2.7777777777777777,6.0
112,3.0,66.66666666666667,0.0,-2.1766666666666667,1.0,1.0,4.0,4.666666666666666
113,8.0,50.0,25.0,-1.97625,3.0,2.0,1.375,4.375
114,7.0,42.85714285714285,14.285714285714283,-1.1257142857142854,5.0,2.0,4.0,6.714285714285713
115,15.0,26.66666666666667,0.0,-1.486666666666667,5.0,2.0,2.266666666666667,4.333333333333334
116,3.0,33.33333333333333,0.0,-1.8299999999999998,2.0,2.0,3.0,4.666666666666666
117,13.0,46.15384615384615,7.692307692307692,-1.7115384615384612,5.0,2.0,1.846153846153846,3.0
118,8.0,37.5,0.0,-1.47625,2.0,1.0,1.625,3.625
119,5.0,20.0,20.0,-1.524,2.0,2.0,3.8000000000000003,5.4
120,10.0,40.0,20.0,-1.7180000000000006,1.0,1.0,3.5000000000000004,7.800000000000002
121,12.0,25.000000000000007,16.66666666666667,-1.3025000000000004,4.0,2.0,3.0000000000000004,7.666666666666668
122,7.0,14.285714285714285,0.0,-1.302857142857143,5.0,2.0,3.714285714285714,10.0
123,4.0,75.0,25.0,-2.215,4.0,2.0,1.75,4.0
124,6.0,16.666666666666664,16.666666666666664,-1.3849999999999998,3.0,2.0,2.8333333333333335,5.333333333333333
125,8.0,25.0,0.0,-1.4462500000000003,5.0,2.0,2.6249999999999996,3.25
126,4.0,75.00000000000001,0.0,-2.2824999999999998,5.0,2.0,3.5,1.5000000000000002
127,6.0,33.33333333333333,16.666666666666664,-1.39,4.0,1.0,4.833333333333333,11.0
128,2.0,0.0,0.0,-0.38000000000000017,1.0,1.0,4.5,11.5
129,10.0,39.99999999999999,0.0,-1.623,3.0,2.0,3.1999999999999993,2.999999999999999
130,3.0,0.0,0.0,-0.23000000000000004,5.0,1.0,4.0,3.666666666666667
131,7.0,85.71428571428571,14.285714285714285,-2.472857142857143,4.0,2.0,1.2857142857142858,5.428571428571429
132,10.0,20.0,0.0,-0.9170000000000001,2.0,2.0,2.3000000000000003,4.9
133,5.0,40.0,20.0,-1.924,5.0,2.0,1.8,3.7999999999999994
134,14.0,21.428571428571434,14.285714285714288,-1.247142857142857,5.0,1.0,2.0000000000000004,5.714285714285716
135,5.0,40.0,0.0,-1.3840000000000001,4.0,2.0,3.8,8.4
136,8.0,50.0,0.0,-1.5574999999999999,5.0,2.0,2.75,3.875
137,10.0,50.0,20.0,-2.341,2.0,2.0,2.4000000000000004,4.5
138,7.0,71.42857142857143,0.0,-2.1328571428571426,2.0,2.0,1.2857142857142856,4.571428571428571
139,10.0,20.0,0.0,-1.4149999999999998,5.0,1.0,3.4,3.3999999999999995
140,7.0,28.57142857142857,14.285714285714285,-1.5242857142857145,2.0,2.0,1.5714285714285714,5.285714285714286
141,6.0,16.666666666666668,16.666666666666668,-1.3550000000000002,4.0,2.0,3.8333333333333335,10.166666666666666
142,7.0,28.57142857142857,14.285714285714285,-1.8914285714285712,2.0,2.0,2.2857142857142856,4.857142857142857
143,3.0,0.0,0.0,-0.8766666666666667,2.0,2.0,2.0,6.000000000000001
144,11.0,63.63636363636363,9.09090909090909,-2.149090909090909,3.0,2.0,2.454545454545454,3.6363636363636362
145,8.0,12.5,0.0,-1.4275,4.0,2.0,3.5,7.375000000000001
146,7.0,0.0,0.0,-0.24714285714285708,1.0,1.0,4.428571428571429,6.999999999999999
147,7.0,42.85714285714287,28.571428571428577,-1.7400000000000004,2.0,2.0,2.571428571428571,5.714285714285714
148,10.0,20.0,0.0,-1.2870000000000001,5.0,1.0,3.3000000000000007,6.900000000000001
149,7.0,57.14285714285715,28.571428571428577,-2.2814285714285716,5.0,2.0,2.714285714285715,3.0000000000000004
150,7.0,14.285714285714285,14.285714285714285,-0.9671428571428573,2.0,2.0,1.8571428571428572,2.142857142857143
151,4.0,0.0,0.0,0.9800000000000001,1.0,1.0,5.0,13.250000000000002
152,3.0,33.333333333333336,0.0,-1.5100000000000002,2.0,2.0,2.3333333333333335,3.333333333333334
153,15.0,53.33333333333334,20.000000000000007,-2.210666666666668,4.0,2.0,3.466666666666667,5.600000000000001
154,10.0,10.0,10.0,-1.1829999999999996,2.0,2.0,2.7999999999999994,6.199999999999999
155,3.0,33.333333333333336,0.0,-1.1733333333333336,5.0,2.0,4.0,8.666666666666668
156,2.0,0.0,0.0,0.15000000000000002,4.0,1.0,5.0,10.0
157,5.0,60.0,20.0,-1.926,3.0,2.0,2.8000000000000003,6.0
158,3.0,0.0,0.0,-1.626666666666667,2.0,2.0,2.666666666666667,4.0
159,12.0,8.333333333333334,0.0,-0.9141666666666669,3.0,2.0,3.2500000000000004,5.5
160,11.0,45.45454545454547,0.0,-1.5390909090909093,3.0,2.0,3.3636363636363638,7.000000000000001
161,5.0,0.0,0.0,-0.702,5.0,2.0,2.599999999999999,6.3999999999999995
162,9.0,33.33333333333333,22.22222222222222,-1.802222222222222,5.0,2.0,2.666666666666666,4.999999999999999
163,8.0,37.5,12.5,-1.3825,5.0,2.0,2.375,3.25
164,11.0,36.36363636363637,9.090909090909092,-1.6636363636363636,3.0,2.0,3.4545454545454546,3.0
165,3.0,0.0,0.0,-1.2333333333333334,4.0,2.0,2.3333333333333335,1.6666666666666667
166,9.0,44.44444444444444,22.22222222222222,-2.056666666666667,2.0,2.0,3.444444444444444,4.222222222222222
167,11.0,36.36363636363637,9.090909090909092,-1.9363636363636367,1.0,2.0,3.3636363636363638,6.909090909090909
168,12.0,0.0,0.0,-0.5233333333333334,5.0,2.0,3.583333333333334,4.083333333333334
169,11.0,45.45454545454547,0.0,-1.636363636363637,4.0,2.0,2.0,3.5454545454545454
170,12.0,41.666666666666664,16.666666666666664,-1.9516666666666669,5.0,2.0,1.9166666666666667,4.666666666666667
171,7.0,14.285714285714285,14.285714285714285,-0.6499999999999999,5.0,2.0,3.8571428571428568,5.857142857142857
172,7.0,71.42857142857143,28.571428571428577,-2.2714285714285714,4.0,2.0,1.7142857142857144,3.5714285714285716
173,3.0,0.0,0.0,-0.51,1.0,1.0,4.666666666666667,11.666666666666668
174,12.0,58.33333333333333,33.333333333333336,-2.3216666666666668,3.0,2.0,1.5000000000000002,4.083333333333334
175,5.0,20.0,0.0,-0.632,1.0,1.0,4.6,7.8
176,9.0,0.0,0.0,-0.6666666666666666,5.0,2.0,4.111111111111111,7.999999999999998
177,9.0,11.11111111111111,0.0,-1.5588888888888888,3.0,1.0,3.333333333333333,7.777777777777777
178,3.0,0.0,0.0,-1.0233333333333332,2.0,2.0,2.9999999999999996,5.666666666666667
179,3.0,33.333333333333336,0.0,-0.9066666666666667,3.0,1.0,5.000000000000001,7.333333333333333
180,10.0,20.0,0.0,-1.199,3.0,2.0,2.5999999999999996,5.2
181,5.0,20.0,0.0,-1.6459999999999997,3.0,2.0,1.8,5.3999999999999995
182,13.0,15.384615384615389,7.692307692307694,-1.0776923076923077,1.0,1.0,5.0,11.769230769230772
183,14.0,57.14285714285714,7.142857142857142,-2.1657142857142855,3.0,2.0,1.6428571428571423,3.642857142857143
184,7.0,28.571428571428577,14.285714285714288,-1.8485714285714288,2.0,2.0,2.285714285714286,4.571428571428571
185,6.0,16.666666666666668,0.0,-1.1450000000000002,5.0,2.0,2.6666666666666665,5.333333333333334
186,7.0,28.571428571428566,14.285714285714283,-1.6157142857142852,4.0,2.0,2.285714285714285,3.9999999999999996
187,7.0,14.285714285714285,0.0,-1.0685714285714285,5.0,2.0,2.7142857142857144,3.1428571428571432
188,9.0,11.11111111111111,0.0,-1.2088888888888887,2.0,2.0,2.444444444444444,6.666666666666666
189,3.0,0.0,0.0,-0.6699999999999998,5.0,1.0,5.0,9.666666666666666
190,13.0,53.84615384615387,15.384615384615389,-2.0038461538461543,4.0,2.0,2.153846153846154,3.0769230769230775
191,11.0,27.272727272727277,0.0,-1.34,5.0,1.0,2.545454545454546,6.363636363636363
192,6.0,16.666666666666668,16.666666666666668,-1.2083333333333333,5.0,2.0,3.3333333333333335,2.333333333333333
193,9.0,33.33333333333333,22.22222222222222,-1.3811111111111112,3.0,2.0,2.1111111111111107,2.444444444444444
194,12.0,66.66666666666667,25.000000000000007,-2.3383333333333334,4.0,2.0,2.0833333333333335,3.8333333333333335
195,2.0,0.0,0.0,-0.03499999999999996,5.0,1.0,5.0,9.0
196,4.0,0.0,0.0,0.09250000000000003,2.0,1.0,4.0,7.75
197,5.0,40.0,0.0,-1.4720000000000002,4.0,1.0,4.6,6.800000000000001
198,2.0,0.0,0.0,-1.255,5.0,2.0,2.5,5.000000000000001
199,3.0,66.66666666666666,0.0,-2.11,2.0,1.0,1.0,0.3333333333333333
200,3.0,33.33333333333333,0.0,-1.3733333333333335,5.0,2.0,4.0,4.999999999999999
201,2.0,50.0,0.0,-1.72,2.0,2.0,3.4999999999999996,5.5
202,12.0,8.333333333333332,0.0,-1.1874999999999998,3.0,1.0,4.75,9.999999999999998
203,11.0,36.36363636363637,0.0,-1.37,5.0,2.0,2.2727272727272734,3.454545454545455
204,5.0,40.0,0.0,-1.3219999999999998,2.0,2.0,2.6,4.000000000000001
205,7.0,14.285714285714285,0.0,-1.604285714285714,2.0,2.0,1.5714285714285714,2.1428571428571423
206,3.0,0.0,0.0,-0.6133333333333333,2.0,2.0,3.333333333333333,3.3333333333333335
207,5.0,20.0,0.0,-0.5240000000000002,2.0,1.0,4.8,12.200000000000001
208,10.0,20.0,0.0,-1.448,2.0,2.0,1.0,1.7
209,6.0,66.66666666666667,33.333333333333336,-2.5450000000000004,3.0,2.0,1.8333333333333335,1.6666666666666667
210,7.0,28.57142857142857,0.0,-0.9914285714285715,2.0,2.0,2.2857142857142856,4.857142857142858
211,5.0,0.0,0.0,-0.916,1.0,1.0,5.0,11.800000000000002
212,6.0,33.333333333333336,16.666666666666668,-1.7766666666666668,1.0,1.0,4.500000000000001,7.666666666666667
213,9.0,11.11111111111111,0.0,-0.8655555555555555,3.0,2.0,2.2222222222222223,3.8888888888888893
214,4.0,75.0,0.0,-2.3449999999999998,4.0,2.0,2.4999999999999996,3.5000000000000004
215,7.0,0.0,0.0,0.08142857142857139,1.0,1.0,4.857142857142858,8.571428571428571
216,9.0,33.333333333333336,0.0,-0.8333333333333333,2.0,2.0,1.5555555555555558,2.2222222222222223
217,4.0,0.0,0.0,-0.6625,3.0,2.0,2.25,3.5
218,10.0,40.0,0.0,-1.746,5.0,2.0,3.1000000000000005,6.1000000000000005
219,8.0,50.0,37.5,-1.9462499999999998,5.0,2.0,2.0,3.625
220,5.0,0.0,0.0,-1.3179999999999998,2.0,2.0,1.4000000000000001,4.3999999999999995
221,8.0,12.5,0.0,-0.91,1.0,2.0,3.6250000000000004,6.0
222,7.0,42.85714285714285,14.285714285714283,-1.691428571428571,4.0,2.0,1.9999999999999998,2.999999999999999
223,7.0,42.85714285714286,0.0,-1.5514285714285712,4.0,2.0,3.0,4.857142857142858
224,8.0,12.5,0.0,-1.4575000000000002,4.0,2.0,3.625,6.0
225,5.0,60.0,40.0,-2.462,3.0,2.0,1.5999999999999999,2.4
226,9.0,33.333333333333336,11.111111111111112,-1.408888888888889,2.0,1.0,3.666666666666667,9.777777777777777
227,8.0,12.5,0.0,-1.1525,2.0,1.0,4.75,9.125000000000002
228,7.0,14.285714285714285,0.0,-1.0257142857142856,1.0,2.0,3.857142857142857,8.428571428571429
229,10.0,70.0,30.000000000000004,-2.67,3.0,2.0,1.5000000000000002,2.1
230,2.0,0.0,0.0,-0.79,2.0,2.0,2.9999999999999996,5.499999999999999
231,9.0,44.44444444444445,0.0,-1.4644444444444444,5.0,2.0,3.7777777777777777,7.000000000000001
232,2.0,50.0,0.0,-1.78,2.0,2.0,4.0,4.0
233,6.0,66.66666666666666,16.666666666666664,-2.1666666666666665,5.0,2.0,1.4999999999999998,4.833333333333332
234,10.0,20.0,10.0,-1.208,4.0,2.0,2.9,6.299999999999999
235,7.0,28.57142857142857,14.285714285714285,-1.8628571428571428,4.0,2.0,1.8571428571428572,2.2857142857142856
236,7.0,100.0,0.0,-2.3999999999999995,3.0,2.0,2.142857142857143,3.9999999999999996
237,9.0,66.66666666666666,44.44444444444444,-2.7244444444444444,5.0,2.0,1.7777777777777777,3.4444444444444446
238,6.0,33.33333333333333,0.0,-1.7266666666666666,4.0,2.0,2.8333333333333335,5.166666666666666
239,3.0,0.0,0.0,0.22666666666666666,1.0,1.0,4.666666666666668,9.666666666666668
240,3.0,33.333333333333336,0.0,-0.7366666666666667,1.0,1.0,4.666666666666667,8.0
241,3.0,33.33333333333333,0.0,-1.6799999999999997,3.0,2.0,1.6666666666666665,5.666666666666667
242,4.0,50.0,0.0,-1.8199999999999998,5.0,2.0,1.25,2.25
243,6.0,0.0,0.0,-0.595,2.0,1.0,4.5,8.833333333333336
244,4.0,25.0,0.0,-0.91,1.0,1.0,5.0,7.5
245,12.0,41.66666666666667,25.000000000000007,-1.7691666666666672,3.0,2.0,2.2500000000000004,3.1666666666666674
246,11.0,18.18181818181818,0.0,-1.2445454545454544,2.0,2.0,1.8181818181818175,5.181818181818182
247,3.0,33.33333333333333,0.0,-1.5166666666666666,2.0,1.0,3.0,4.0
248,10.0,20.000000000000004,0.0,-1.0740000000000003,2.0,1.0,3.7000000000000006,10.100000000000001
249,3.0,66.66666666666666,0.0,-2.453333333333333,3.0,2.0,1.6666666666666665,3.666666666666666
250,6.0,16.666666666666668,0.0,-1.5983333333333336,3.0,2.0,3.333333333333333,6.166666666666668
251,9.0,33.33333333333333,0.0,-0.8000000000000002,1.0,1.0,4.444444444444444,6.666666666666667
252,8.0,37.5,25.0,-1.9275,2.0,2.0,1.8749999999999998,4.25
253,6.0,33.33333333333333,0.0,-1.6983333333333335,2.0,2.0,1.6666666666666667,4.666666666666667
254,14.0,21.42857142857143,7.142857142857144,-1.0592857142857144,1.0,1.0,4.642857142857144,8.071428571428573
255,4.0,0.0,0.0,-1.3950000000000002,3.0,2.0,1.5,5.0
256,6.0,16.666666666666664,16.666666666666664,-1.716666666666667,2.0,2.0,1.3333333333333333,3.833333333333333
257,8.0,75.0,25.0,-2.47,3.0,2.0,1.25,3.75
258,8.0,25.0,0.0,-1.7625,4.0,2.0,2.2500000000000004,3.125
259,5.0,40.0,20.0,-1.9480000000000004,2.0,2.0,2.4000000000000004,4.4
260,4.0,50.0,0.0,-1.165,2.0,2.0,3.5000000000000004,5.749999999999999
261,4.0,50.0,0.0,-1.8925,2.0,2.0,2.0,6.0
262,6.0,50.0,16.666666666666664,-2.0033333333333334,2.0,2.0,2.333333333333334,6.166666666666668
263,4.0,75.0,0.0,-2.1799999999999997,2.0,2.0,1.0,2.0
264,9.0,44.44444444444445,11.111111111111112,-1.5844444444444445,2.0,2.0,1.3333333333333335,3.0
265,5.0,0.0,0.0,-1.588,5.0,2.0,2.8,2.9999999999999996
266,11.0,9.09090909090909,0.0,-0.8118181818181817,2.0,1.0,3.181818181818181,5.8181818181818175
267,2.0,0.0,0.0,-1.76,2.0,2.0,3.5,5.5
268,8.0,0.0,0.0,-1.1299999999999997,2.0,2.0,2.125,1.125
269,14.0,21.42857142857143,7.142857142857144,-1.2421428571428572,5.0,2.0,3.9285714285714293,7.071428571428572
270,8.0,37.5,12.5,-1.28375,4.0,2.0,3.8749999999999996,4.5
271,13.0,30.769230769230766,0.0,-1.628461538461538,3.0,2.0,2.692307692307692,4.076923076923076
272,7.0,14.285714285714285,0.0,-0.9171428571428571,2.0,2.0,2.8571428571428568,6.571428571428571
273,5.0,40.0,0.0,-2.008,3.0,2.0,2.0,2.8
274,11.0,27.27272727272727,0.0,-1.3499999999999999,3.0,1.0,4.8181818181818175,7.636363636363635
275,4.0,25.0,25.0,-1.1775,5.0,2.0,3.0000000000000004,5.499999999999999
276,12.0,41.66666666666666,16.666666666666664,-1.8416666666666663,3.0,1.0,1.9166666666666663,2.916666666666666
277,5.0,0.0,0.0,-0.616,3.0,2.0,3.8,5.2
278,9.0,22.22222222222222,11.11111111111111,-0.5355555555555556,1.0,1.0,4.666666666666667,5.5555555555555545
279,6.0,33.333333333333336,0.0,-1.4133333333333333,4.0,2.0,3.4999999999999996,5.166666666666666
280,5.0,60.00000000000001,20.0,-1.7540000000000004,5.0,2.0,3.2,4.800000000000001
281,7.0,42.85714285714287,14.285714285714288,-1.6157142857142863,2.0,2.0,3.1428571428571432,4.000000000000001
282,13.0,15.384615384615385,7.6923076923076925,-0.6492307692307693,3.0,2.0,4.0,6.153846153846156
283,14.0,35.71428571428573,14.28571428571429,-1.8000000000000007,5.0,2.0,1.8571428571428577,4.714285714285715
284,12.0,25.000000000000007,8.333333333333336,-1.294166666666667,5.0,2.0,2.7500000000000004,4.000000000000001
285,4.0,0.0,0.0,0.22249999999999995,1.0,1.0,5.0,10.000000000000002
286,12.0,33.33333333333333,33.33333333333333,-2.224166666666666,3.0,2.0,2.9999999999999996,2.0833333333333335
287,3.0,33.33333333333333,0.0,-1.7866666666666666,2.0,2.0,4.666666666666666,3.666666666666666
288,10.0,30.0,0.0,-1.505,5.0,2.0,2.6,5.9
289,14.0,71.4285714285714,28.571428571428566,-2.5071428571428567,4.0,2.0,1.0,7.5
290,9.0,22.222222222222225,0.0,-1.2511111111111113,3.0,1.0,3.666666666666667,5.999999999999999
291,9.0,11.11111111111111,0.0,-1.0988888888888888,2.0,2.0,4.444444444444444,8.333333333333334
292,9.0,22.22222222222222,11.11111111111111,-1.7144444444444447,3.0,1.0,2.6666666666666665,7.222222222222221
293,9.0,33.33333333333333,0.0,-1.6088888888888888,4.0,2.0,2.3333333333333335,5.222222222222222
294,2.0,0.0,0.0,-1.545,2.0,2.0,1.5,4.5
295,21.0,14.285714285714283,4.76190476190476,-1.3609523809523807,1.0,2.0,3.571428571428571,5.142857142857142
296,8.0,50.0,0.0,-1.54875,1.0,2.0,4.25,9.750000000000002
297,7.0,28.57142857142857,0.0,-1.5000000000000002,5.0,2.0,2.2857142857142856,4.000000000000001
298,12.0,16.666666666666668,0.0,-0.9800000000000002,5.0,2.0,2.5833333333333335,2.583333333333333
299,6.0,0.0,0.0,-0.6966666666666667,3.0,2.0,4.000000000000001,5.666666666666667
300,9.0,44.44444444444444,0.0,-1.4977777777777777,1.0,1.0,4.0,5.333333333333333
301,15.0,26.66666666666668,0.0,-0.9346666666666671,5.0,2.0,3.0000000000000004,6.333333333333336
302,16.0,62.499999999999986,31.25,-2.2,3.0,2.0,2.7499999999999996,1.3125
303,6.0,50.000000000000014,33.333333333333336,-1.8800000000000006,2.0,1.0,2.666666666666667,4.666666666666667
304,8.0,0.0,0.0,-0.2625,5.0,2.0,3.7500000000000004,7.25
305,13.0,53.84615384615383,30.76923076923076,-2.145384615384615,3.0,2.0,1.538461538461538,2.461538461538461
306,10.0,30.000000000000004,10.0,-1.8659999999999999,1.0,2.0,2.6,3.0000000000000004
307,1.0,0.0,0.0,0.14,1.0,1.0,4.0,0.0
308,12.0,75.00000000000001,16.66666666666667,-2.4350000000000005,5.0,2.0,1.6666666666666667,3.3333333333333344
309,8.0,0.0,0.0,-1.0,3.0,1.0,3.875,7.75
310,14.0,28.571428571428577,14.285714285714288,-1.1885714285714284,3.0,1.0,3.4285714285714293,5.642857142857144
311,7.0,0.0,0.0,-0.038571428571428576,1.0,1.0,5.000000000000001,12.714285714285712
312,5.0,60.0,0.0,-1.634,2.0,2.0,1.5999999999999999,0.9999999999999998
313,5.0,80.0,20.0,-2.382,3.0,2.0,2.8000000000000003,5.2
314,8.0,75.0,25.0,-2.7462499999999994,3.0,2.0,2.25,3.125
315,9.0,22.22222222222222,0.0,-1.1177777777777778,3.0,2.0,4.111111111111111,6.555555555555555
316,7.0,42.85714285714287,14.285714285714288,-1.6942857142857144,2.0,2.0,2.428571428571429,5.142857142857143
317,9.0,55.55555555555556,33.33333333333333,-2.391111111111111,4.0,2.0,2.3333333333333335,3.7777777777777777
318,6.0,33.33333333333333,0.0,-0.7750000000000001,5.0,2.0,2.5,4.333333333333332
319,5.0,40.0,20.0,-1.644,2.0,2.0,4.0,8.6
320,6.0,0.0,0.0,-0.44833333333333336,1.0,1.0,4.833333333333334,7.833333333333333
321,2.0,0.0,0.0,-0.915,2.0,2.0,2.5,7.5
322,10.0,10.0,0.0,-1.154,3.0,2.0,2.5,3.5999999999999996
323,9.0,55.55555555555556,22.22222222222222,-2.21,2.0,2.0,2.3333333333333335,4.222222222222221
324,10.0,50.0,20.0,-1.9759999999999998,3.0,2.0,3.0,4.2
325,6.0,83.33333333333333,16.666666666666664,-2.3733333333333326,3.0,1.0,2.3333333333333326,5.666666666666666
326,7.0,0.0,0.0,-1.17,2.0,2.0,2.2857142857142856,3.4285714285714284
327,10.0,30.000000000000004,0.0,-1.5710000000000002,5.0,2.0,2.4000000000000004,5.6000000000000005
328,7.0,28.571428571428566,0.0,-1.5085714285714282,5.0,2.0,2.5714285714285716,5.142857142857142
329,9.0,33.333333333333336,0.0,-1.45,4.0,2.0,2.666666666666667,3.8888888888888893
330,8.0,12.5,0.0,-1.5275,4.0,2.0,2.0,5.0
331,8.0,50.0,12.5,-1.9987500000000002,3.0,2.0,2.2499999999999996,5.875
332,2.0,0.0,0.0,-0.825,5.0,1.0,4.0,7.0
333,11.0,36.36363636363637,0.0,-1.263636363636364,3.0,2.0,3.0000000000000004,3.0
334,3.0,0.0,0.0,-1.0466666666666666,5.0,2.0,1.6666666666666667,3.0
335,11.0,54.54545454545454,18.18181818181818,-2.2727272727272725,3.0,2.0,1.5454545454545454,4.272727272727272
336,5.0,20.0,0.0,-1.572,4.0,2.0,2.599999999999999,3.8
337,7.0,57.14285714285715,14.285714285714288,-2.188571428571429,4.0,2.0,2.4285714285714293,6.571428571428572
338,12.0,33.333333333333336,0.0,-1.5150000000000003,5.0,2.0,2.0,3.416666666666667
339,8.0,37.5,12.5,-1.8375000000000004,3.0,1.0,3.25,5.75
340,5.0,60.0,0.0,-1.564,1.0,1.0,4.8,9.0
341,10.0,40.0,0.0,-1.4710000000000003,3.0,2.0,2.400000000000001,2.8000000000000003
342,4.0,0.0,0.0,-1.2675,5.0,2.0,4.25,4.25
343,5.0,40.0,20.0,-1.674,5.0,2.0,4.0,6.6000000000000005
344,11.0,54.54545454545454,18.18181818181818,-2.360909090909091,3.0,2.0,3.0,4.818181818181818
345,7.0,57.14285714285714,28.57142857142857,-2.4728571428571424,4.0,2.0,1.857142857142857,4.428571428571428
346,10.0,20.0,0.0,-1.2409999999999999,5.0,2.0,3.1,4.3
347,8.0,37.5,12.5,-1.2899999999999998,2.0,2.0,1.75,4.125
348,6.0,49.99999999999999,0.0,-1.7433333333333334,4.0,2.0,2.9999999999999996,4.666666666666666
349,12.0,8.333333333333334,0.0,-0.058333333333333355,5.0,2.0,4.250000000000001,8.166666666666666
350,6.0,0.0,0.0,-0.6816666666666668,2.0,2.0,1.3333333333333333,2.833333333333333
351,7.0,14.285714285714288,0.0,-0.6557142857142858,3.0,2.0,3.1428571428571432,4.428571428571429
352,11.0,36.36363636363637,0.0,-1.4400000000000004,1.0,2.0,2.6363636363636367,4.636363636363637
353,8.0,50.0,0.0,-1.80125,3.0,2.0,2.625,3.7500000000000004
354,9.0,0.0,0.0,-0.47333333333333333,1.0,1.0,4.777777777777778,11.777777777777777
355,10.0,20.0,0.0,-0.9950000000000001,2.0,2.0,2.8,4.6
356,7.0,28.57142857142857,14.285714285714285,-1.8942857142857141,4.0,2.0,2.2857142857142856,2.0
357,6.0,50.000000000000014,0.0,-2.1050000000000004,3.0,2.0,3.3333333333333335,5.666666666666667
358,9.0,0.0,0.0,-0.88,5.0,1.0,4.888888888888888,10.666666666666666
359,13.0,61.53846153846154,53.84615384615383,-2.8938461538461535,3.0,2.0,2.5384615384615383,2.923076923076922
360,7.0,14.285714285714285,0.0,-0.9557142857142857,5.0,2.0,2.857142857142857,4.428571428571429
361,4.0,25.0,0.0,-0.2600000000000001,5.0,1.0,3.5,9.25
362,4.0,25.0,0.0,-0.6949999999999998,2.0,2.0,2.5,4.0
363,5.0,40.0,0.0,-1.48,2.0,2.0,1.9999999999999996,4.3999999999999995
364,9.0,0.0,0.0,-0.5033333333333334,1.0,1.0,5.0,11.88888888888889
365,13.0,23.076923076923084,7.692307692307695,-1.5530769230769235,2.0,2.0,3.307692307692309,6.461538461538463
366,3.0,0.0,0.0,-1.3299999999999998,2.0,2.0,3.333333333333333,3.0
367,8.0,37.49999999999999,12.5,-1.58375,5.0,2.0,2.0,3.25
368,2.0,0.0,0.0,-1.3450000000000002,1.0,2.0,4.5,4.5
369,3.0,33.33333333333333,0.0,-1.5266666666666664,2.0,2.0,2.0,5.333333333333333
370,9.0,22.222222222222225,0.0,0.4422222222222223,1.0,1.0,4.555555555555555,10.111111111111112
371,4.0,50.0,25.0,-1.9925000000000002,4.0,2.0,2.25,4.0
372,7.0,0.0,0.0,-0.8057142857142856,1.0,1.0,4.428571428571429,9.999999999999998
373,4.0,25.0,0.0,-1.2524999999999997,5.0,2.0,3.25,1.7499999999999998
374,8.0,37.5,25.0,-1.9849999999999997,5.0,2.0,2.875,4.125
375,4.0,25.0,0.0,-1.4225000000000003,1.0,1.0,5.0,14.500000000000002
376,5.0,40.0,20.0,-1.3399999999999999,2.0,2.0,1.2000000000000002,3.999999999999999
377,4.0,25.0,0.0,-1.2825000000000002,3.0,1.0,4.75,12.249999999999998
378,9.0,44.44444444444445,22.222222222222225,-1.927777777777778,3.0,2.0,2.444444444444444,2.666666666666667
379,5.0,20.0,0.0,-1.1219999999999999,4.0,2.0,3.0,4.8
380,4.0,50.0,0.0,-1.955,2.0,2.0,2.75,3.5000000000000004
381,12.0,33.333333333333336,8.333333333333334,-1.581666666666667,2.0,2.0,1.8333333333333337,4.416666666666668
382,6.0,50.0,16.666666666666664,-2.0583333333333336,5.0,2.0,1.6666666666666667,2.1666666666666665
383,6.0,50.000000000000014,16.666666666666668,-1.9783333333333333,4.0,2.0,1.8333333333333337,3.6666666666666674
384,4.0,100.0,0.0,-2.5775,2.0,2.0,2.25,5.0
385,3.0,66.66666666666667,0.0,-1.78,5.0,2.0,3.6666666666666665,4.666666666666667
386,9.0,55.55555555555556,33.33333333333333,-2.192222222222222,5.0,2.0,2.444444444444444,1.8888888888888886
387,2.0,0.0,0.0,-1.6900000000000002,2.0,2.0,2.5,4.5
388,9.0,88.8888888888889,0.0,-2.2688888888888887,3.0,2.0,2.777777777777778,6.333333333333335
389,10.0,10.0,0.0,-1.4380000000000002,4.0,2.0,1.5000000000000002,3.800000000000001
390,12.0,58.33333333333335,8.333333333333336,-2.110833333333334,4.0,2.0,2.166666666666667,4.083333333333334
391,9.0,55.55555555555556,11.111111111111112,-2.131111111111111,2.0,2.0,2.0,3.4444444444444446
392,4.0,50.0,0.0,-1.215,5.0,2.0,4.499999999999999,6.499999999999999
393,5.0,40.0,0.0,-1.796,2.0,2.0,1.4,4.199999999999998
394,5.0,20.0,0.0,-1.5720000000000003,5.0,2.0,3.8,7.6000000000000005
395,6.0,16.666666666666664,0.0,-1.29,1.0,1.0,4.666666666666667,10.166666666666666
396,9.0,55.55555555555556,11.11111111111111,-2.037777777777778,4.0,2.0,3.111111111111111,5.222222222222221
397,7.0,0.0,0.0,0.08142857142857143,1.0,1.0,4.7142857142857135,9.999999999999998
398,11.0,9.09090909090909,0.0,-0.95,5.0,2.0,3.0909090909090904,6.909090909090909
399,4.0,0.0,0.0,-1.2225,2.0,2.0,2.0,6.0
400,3.0,33.333333333333336,0.0,-0.65,1.0,1.0,5.0,12.0
401,8.0,12.5,0.0,-1.4149999999999998,2.0,2.0,2.5,4.375
402,7.0,42.85714285714287,14.285714285714288,-1.9542857142857148,2.0,2.0,1.7142857142857146,2.7142857142857153
403,9.0,55.55555555555556,33.33333333333333,-2.674444444444444,2.0,2.0,1.1111111111111112,5.111111111111112
404,8.0,12.5,0.0,-1.38875,5.0,2.0,4.5,7.874999999999999
405,10.0,40.00000000000001,0.0,-1.7230000000000005,3.0,2.0,2.5000000000000004,3.5000000000000004
406,6.0,16.666666666666668,0.0,-1.4766666666666668,5.0,2.0,2.3333333333333335,2.0000000000000004
407,13.0,38.46153846153847,7.6923076923076925,-1.6953846153846155,5.0,2.0,3.2307692307692313,5.23076923076923
408,9.0,11.11111111111111,0.0,-0.7433333333333334,5.0,1.0,4.444444444444445,10.222222222222221
409,7.0,14.285714285714285,14.285714285714285,-0.37285714285714283,3.0,1.0,4.428571428571428,8.428571428571429
410,7.0,0.0,0.0,-0.9542857142857143,3.0,1.0,5.000000000000001,12.285714285714288
411,10.0,30.0,10.0,-1.4799999999999995,4.0,2.0,2.6,4.5
412,7.0,14.285714285714285,0.0,-1.237142857142857,1.0,1.0,4.7142857142857135,8.428571428571427
413,9.0,22.22222222222222,22.22222222222222,-1.5633333333333335,4.0,2.0,2.111111111111111,4.888888888888889
414,4.0,25.0,0.0,-1.5875000000000001,1.0,1.0,4.0,5.5
415,8.0,37.50000000000001,0.0,-1.21,5.0,2.0,1.6249999999999998,3.625
416,12.0,50.0,8.333333333333332,-1.6166666666666667,3.0,2.0,2.6666666666666674,5.666666666666667
417,10.0,50.0,40.0,-2.0980000000000003,3.0,2.0,1.9000000000000004,3.2
418,11.0,27.272727272727277,0.0,-1.6945454545454546,5.0,2.0,2.6363636363636367,5.272727272727274
419,12.0,66.66666666666669,25.000000000000007,-2.3350000000000004,3.0,1.0,3.7500000000000013,5.166666666666669
420,8.0,75.0,37.5,-2.5050000000000003,3.0,2.0,1.625,2.75
421,8.0,0.0,0.0,0.06374999999999996,1.0,1.0,5.0,8.75
422,4.0,50.0,0.0,-2.1750000000000003,2.0,2.0,1.75,5.75
423,5.0,20.0,0.0,-1.4580000000000002,2.0,1.0,2.4,6.0
424,8.0,50.0,25.0,-1.8275,2.0,2.0,2.25,4.125
425,7.0,28.57142857142857,14.285714285714285,-1.8014285714285714,3.0,2.0,1.5714285714285714,3.999999999999999
426,8.0,12.5,0.0,-1.7025000000000001,1.0,2.0,2.375,3.8749999999999996
427,5.0,80.0,20.0,-2.292,3.0,2.0,2.0,3.8000000000000003
428,8.0,37.5,12.5,-1.13125,3.0,2.0,3.0,5.125
429,9.0,33.333333333333336,0.0,-1.3644444444444446,5.0,2.0,2.777777777777778,5.777777777777779
430,4.0,75.0,0.0,-1.98,4.0,2.0,2.25,7.75
431,6.0,33.333333333333336,0.0,-1.6350000000000002,5.0,2.0,3.1666666666666665,7.500000000000001
432,9.0,44.44444444444444,44.44444444444444,-1.664444444444444,1.0,2.0,3.222222222222222,5.888888888888888
433,8.0,37.49999999999999,0.0,-1.7449999999999999,3.0,2.0,2.75,2.9999999999999996
434,8.0,62.5,12.5,-2.2087499999999998,2.0,2.0,2.125,6.125
435,8.0,37.5,25.0,-1.88875,3.0,2.0,1.6249999999999998,3.375
436,11.0,27.272727272727277,9.090909090909092,-1.0690909090909093,5.0,2.0,2.4545454545454546,6.7272727272727275
437,13.0,38.46153846153847,23.076923076923077,-2.023846153846154,1.0,2.0,3.615384615384616,4.923076923076924
438,8.0,62.5,25.0,-2.37375,3.0,2.0,2.375,5.125
439,6.0,50.0,0.0,-1.675,3.0,2.0,1.3333333333333335,4.666666666666667
440,10.0,60.0,20.0,-1.9479999999999995,2.0,2.0,1.7,4.999999999999999
441,10.0,30.000000000000004,0.0,-1.4430000000000003,5.0,2.0,3.0999999999999996,4.800000000000001
442,14.0,49.999999999999986,7.14285714285714,-1.823571428571428,3.0,2.0,2.357142857142856,2.9285714285714275
443,4.0,0.0,0.0,-0.3350000000000001,3.0,1.0,5.0,9.75
444,11.0,27.272727272727277,18.181818181818183,-1.3663636363636364,2.0,2.0,3.3636363636363633,5.90909090909091
445,8.0,25.0,0.0,-1.3162500000000001,1.0,1.0,4.25,5.0
446,10.0,40.0,20.0,-1.705,3.0,2.0,2.4,4.8
447,10.0,49.99999999999999,10.0,-2.0269999999999997,5.0,1.0,4.099999999999999,7.999999999999998
448,8.0,37.5,12.5,-1.615,4.0,2.0,3.875,8.875
449,6.0,33.333333333333336,0.0,-1.1733333333333336,4.0,2.0,2.666666666666667,4.333333333333333
450,7.0,0.0,0.0,-1.132857142857143,2.0,2.0,2.7142857142857144,5.571428571428572
451,3.0,0.0,0.0,0.05333333333333335,1.0,2.0,4.333333333333333,8.666666666666666
452,7.0,42.85714285714287,28.571428571428577,-2.091428571428572,5.0,2.0,2.2857142857142856,5.571428571428572
453,12.0,33.33333333333333,0.0,-1.415833333333333,3.0,2.0,1.7499999999999998,2.333333333333333
454,6.0,0.0,0.0,-0.44833333333333325,1.0,1.0,4.5,8.5
455,9.0,55.55555555555556,33.33333333333333,-2.094444444444445,2.0,2.0,2.111111111111111,2.6666666666666665
456,9.0,22.222222222222225,11.111111111111112,-1.2544444444444445,3.0,2.0,3.2222222222222223,4.555555555555556
457,8.0,37.5,0.0,-1.4525,3.0,1.0,4.125,5.125
458,11.0,72.72727272727272,18.181818181818183,-2.174545454545455,4.0,2.0,2.9090909090909096,5.909090909090909
459,10.0,30.0,10.0,-1.6409999999999998,2.0,2.0,1.7,2.4
460,11.0,54.545454545454554,9.09090909090909,-2.1236363636363635,4.0,2.0,1.8181818181818175,4.8181818181818175
461,13.0,53.84615384615385,23.07692307692308,-2.0715384615384616,2.0,2.0,1.4615384615384617,2.9230769230769234
462,2.0,0.0,0.0,-1.5050000000000001,1.0,1.0,4.0,7.000000000000001
463,10.0,0.0,0.0,-0.2739999999999999,5.0,1.0,4.3,9.0
464,15.0,53.333333333333336,13.333333333333334,-2.098,2.0,2.0,1.7333333333333334,4.933333333333334
465,4.0,50.0,0.0,-1.625,2.0,2.0,2.25,3.75
466,9.0,33.33333333333333,0.0,-1.4077777777777778,5.0,2.0,3.0,5.555555555555555
467,13.0,53.846153846153854,23.07692307692308,-2.0061538461538464,3.0,2.0,2.230769230769231,4.615384615384616
468,7.0,14.285714285714285,14.285714285714285,-1.5914285714285714,4.0,2.0,2.2857142857142856,4.571428571428571
469,6.0,16.666666666666664,0.0,-1.4866666666666666,2.0,2.0,2.833333333333333,6.666666666666666
470,4.0,0.0,0.0,-0.575,4.0,2.0,4.0,4.999999999999999
471,5.0,60.00000000000001,40.0,-2.54,5.0,2.0,1.6,2.4
472,7.0,28.57142857142857,0.0,-1.5485714285714285,4.0,2.0,3.4285714285714284,8.142857142857142
473,7.0,28.571428571428577,0.0,-1.0871428571428572,3.0,2.0,3.5714285714285716,6.142857142857143
474,10.0,40.0,10.0,-1.7730000000000001,3.0,1.0,1.4000000000000001,4.1000000000000005
475,6.0,16.666666666666664,16.666666666666664,-1.405,1.0,1.0,3.4999999999999996,6.666666666666667
476,7.0,57.14285714285713,0.0,-1.9328571428571426,5.0,2.0,2.8571428571428568,4.142857142857142
477,11.0,36.36363636363636,9.09090909090909,-1.4909090909090907,2.0,2.0,1.5454545454545454,3.1818181818181817
478,10.0,30.000000000000004,10.0,-1.034,5.0,2.0,2.6,3.4
479,8.0,50.0,25.0,-2.0925,3.0,2.0,2.75,6.124999999999999
480,9.0,11.11111111111111,0.0,-1.3866666666666667,3.0,1.0,3.4444444444444446,6.0
481,4.0,50.0,0.0,-1.5775000000000001,2.0,2.0,2.7499999999999996,4.5
482,13.0,15.384615384615385,0.0,-1.0930769230769233,5.0,2.0,3.2307692307692304,6.230769230769231
483,8.0,62.5,0.0,-1.97625,5.0,2.0,3.0,4.625
484,15.0,60.0,33.33333333333333,-2.2313333333333327,3.0,2.0,2.0,2.733333333333333
485,5.0,20.0,20.0,-1.8760000000000003,5.0,2.0,2.4000000000000004,2.8000000000000003
486,8.0,25.0,0.0,-1.175,1.0,2.0,3.0,5.249999999999999
487,11.0,18.18181818181818,9.09090909090909,-1.3572727272727267,5.0,2.0,2.545454545454545,4.09090909090909
488,6.0,0.0,0.0,-1.093333333333333,2.0,2.0,3.8333333333333326,5.333333333333332
489,6.0,16.666666666666664,16.666666666666664,-1.3250000000000002,5.0,2.0,3.1666666666666665,3.1666666666666665
490,7.0,14.285714285714285,0.0,-0.3414285714285714,5.0,1.0,4.7142857142857135,8.857142857142856
491,10.0,50.000000000000014,10.000000000000002,-1.9500000000000002,4.0,2.0,2.5000000000000004,4.800000000000001
492,7.0,14.285714285714288,0.0,-1.015714285714286,2.0,1.0,4.857142857142857,8.142857142857142
493,8.0,25.0,0.0,-1.7737500000000002,2.0,2.0,2.5,5.5
494,10.0,29.999999999999993,19.999999999999996,-1.8989999999999998,4.0,2.0,3.3999999999999995,5.099999999999999
495,8.0,50.0,25.0,-2.1012500000000003,4.0,2.0,1.75,2.75
496,6.0,16.666666666666664,0.0,-1.5433333333333332,4.0,2.0,1.9999999999999998,2.166666666666666
497,10.0,60.0,20.0,-2.1670000000000003,2.0,2.0,2.5999999999999996,4.8999999999999995
498,10.0,30.000000000000004,10.0,-1.2510000000000001,1.0,1.0,4.6000000000000005,6.3
499,9.0,22.22222222222222,0.0,-1.1844444444444446,4.0,1.0,3.1111111111111107,4.888888888888888
500,6.0,33.33333333333333,0.0,-1.1233333333333333,5.0,2.0,2.8333333333333335,3.333333333333334
